Text Query ID;Model ID
754687fa7f45b78e;303ae000f3346db3
a0664df1315a8aba;83a6898b3cf63399
e27877b96a4abea2;5a47b8a4ad093e6c
bd7c3921a5829c5f;fc2db06c4c42b0d2
fc9dc8118f99c0de;2accc11b14dde296
ac0abb4cfebf48b4;0c27b52a88c33aae
26808910ed0da6e0;fdfd2538c9269782
fc9dc8118f99c0de;fe8ba017416507eb
efc25a321f0359fe;cbef81f72fefce7a
e670143d0274784c;9946e34f45632be6
c8b07c3741bb4fc8;6585855871402772
13b02a5332f0ecd5;e406c931589df07b
505ea7c5b84466e2;90ba6644ad322c47
0534ec3a9103aa94;6f50fb3efc179160
25d3c279224e9090;47d04be344220ba4
8b54089fee8d99a0;7f9c5a47a8b18f00
c50d24d1270b99ae;cb6ef21b1c71cbbb
b34ab1000d8e4510;6e92439ce227a932
958da55b0d75abfc;4c142b488845264b
70529c539a3eaf30;a3f337038d154765
9131efff3efffe99;f0931310b6964a5e
51c33db36e283711;079c96c521c73ca9
599966e85d6857ce;b0334182d0c3faeb
b1d44ce73b4b431b;6bc2402ce628bbef
728ac3507f29b8b1;60af2d4f86d5307c
c074190530330c13;e18ea7c595a3d53d
3351535576ef36bd;1df3b0ad86562fde
76d991719a89b736;e31ced3776eca0a7
d22a84b6f9f25ebe;20b5e565c2f67b81
04b64385ccad4949;13a49ab0aecbc76f
2f61c298e0395353;834953da8335695b
865728e99be03f56;344e0698585e098a
5110adc459f44b27;fed99c4e5443d447
ac0abb4cfebf48b4;f72449d035d0ac79
d0c9a887b794513a;2846d0b05ed649cf
8eba7fddfa15f905;01612cb400453597
04b64385ccad4949;bda1f6d4a4b5fe79
29e33756715c2125;36089dc42596904a
70529c539a3eaf30;ab047afa481c3134
dc38f0769707dc64;2acea48879fd7fec
5c7bbf629c64b765;ae09892d3ad04b4b
fc9dc8118f99c0de;2268076b3b795a99
29e33756715c2125;aa0598ae402d2833
999ef191bff8625d;02bf2b708a98eb01
728ac3507f29b8b1;2b72aa75a44e8847
76d991719a89b736;413505e6f4ddf95e
c50d24d1270b99ae;0ae964801539411d
dbd7cff8e346e379;18916433442bd760
